{"cameraMode":{"drawMode":0,"name":"Shaded","section":"Shading Mode"},"sceneLighting":false,"audioPlay":false,"sceneViewState":{"showFog":true,"showMaterialUpdate":false,"showSkybox":false,"showFlares":true,"showImageEffects":true,"showParticleSystems":true},"in2DMode":false,"pivot":{"x":-0.2721085548400879,"y":-0.9149322509765625,"z":-0.19534149765968324},"rotation":{"x":0.1891419142484665,"y":-0.7059042453765869,"z":0.20653530955314637,"w":0.6508010029792786},"size":8.907225608825684,"orthographic":false}