{"cameraMode":{"drawMode":0,"name":"Shaded","section":"Shading Mode"},"sceneLighting":false,"audioPlay":false,"sceneViewState":{"showFog":true,"showMaterialUpdate":false,"showSkybox":false,"showFlares":true,"showImageEffects":true,"showParticleSystems":true},"in2DMode":false,"pivot":{"x":51.5874137878418,"y":14.97772216796875,"z":13.010442733764649},"rotation":{"x":-0.30555063486099245,"y":0.04008401930332184,"z":-0.014266922138631344,"w":-0.9513986706733704},"size":38.506744384765628,"orthographic":false}