{"cameraMode":{"drawMode":0,"name":"Shaded","section":"Shading Mode"},"sceneLighting":false,"audioPlay":false,"sceneViewState":{"showFog":true,"showMaterialUpdate":false,"showSkybox":false,"showFlares":true,"showImageEffects":true,"showParticleSystems":true},"in2DMode":false,"pivot":{"x":0.41830599308013918,"y":-0.19208186864852906,"z":-0.06911823153495789},"rotation":{"x":-0.1432921588420868,"y":0.5381728410720825,"z":-0.09511502832174301,"w":-0.8253116607666016},"size":2.3324849605560304,"orthographic":false}