{"cameraMode":{"drawMode":0,"name":"Shaded","section":"Shading Mode"},"sceneLighting":false,"audioPlay":false,"sceneViewState":{"showFog":true,"showMaterialUpdate":false,"showSkybox":false,"showFlares":true,"showImageEffects":true,"showParticleSystems":true},"in2DMode":false,"pivot":{"x":58.70170593261719,"y":18.54345703125,"z":-22.32080841064453},"rotation":{"x":0.1747666895389557,"y":0.36833837628364565,"z":-0.06985539197921753,"w":0.9106007218360901},"size":13.572611808776856,"orthographic":false}