{"cameraMode":{"drawMode":0,"name":"Shaded","section":"Shading Mode"},"sceneLighting":false,"audioPlay":false,"sceneViewState":{"showFog":true,"showMaterialUpdate":false,"showSkybox":false,"showFlares":true,"showImageEffects":true,"showParticleSystems":true},"in2DMode":false,"pivot":{"x":67.09233093261719,"y":10.958479881286621,"z":-10.772547721862793},"rotation":{"x":0.19071201980113984,"y":0.07101507484912873,"z":-0.013007811270654202,"w":0.9791253805160523},"size":34.604854583740237,"orthographic":false}