{"cameraMode":{"drawMode":0,"name":"Shaded","section":"Shading Mode"},"sceneLighting":false,"audioPlay":false,"sceneViewState":{"showFog":true,"showMaterialUpdate":false,"showSkybox":false,"showFlares":true,"showImageEffects":true,"showParticleSystems":true},"in2DMode":false,"pivot":{"x":13.362648010253907,"y":10.079178810119629,"z":8.325332641601563},"rotation":{"x":-0.11298961937427521,"y":0.18879574537277223,"z":-0.024448156356811525,"w":-0.9753983616828919},"size":11.142608642578125,"orthographic":false}