{"cameraMode":{"drawMode":0,"name":"Shaded","section":"Shading Mode"},"sceneLighting":false,"audioPlay":false,"sceneViewState":{"showFog":true,"showMaterialUpdate":false,"showSkybox":false,"showFlares":true,"showImageEffects":true,"showParticleSystems":true},"in2DMode":false,"pivot":{"x":-6.833733081817627,"y":-3.4947991371154787,"z":-0.05762648582458496},"rotation":{"x":0.10795082896947861,"y":-0.730732262134552,"z":0.12028847634792328,"w":0.6634714603424072},"size":15.285774230957032,"orthographic":false}