{"cameraMode":{"drawMode":0,"name":"Shaded","section":"Shading Mode"},"sceneLighting":false,"audioPlay":false,"sceneViewState":{"showFog":true,"showMaterialUpdate":false,"showSkybox":false,"showFlares":true,"showImageEffects":true,"showParticleSystems":true},"in2DMode":false,"pivot":{"x":-0.42944449186325076,"y":-0.6188534498214722,"z":0.9665640592575073},"rotation":{"x":0.16857199370861054,"y":-0.40307387709617617,"z":0.07685165852308274,"w":0.8963778018951416},"size":8.122352600097657,"orthographic":false}