{"cameraMode":{"drawMode":0,"name":"Shaded","section":"Shading Mode"},"sceneLighting":false,"audioPlay":false,"sceneViewState":{"showFog":true,"showMaterialUpdate":false,"showSkybox":false,"showFlares":true,"showImageEffects":true,"showParticleSystems":true},"in2DMode":false,"pivot":{"x":18.20456886291504,"y":-5.297694206237793,"z":17.19748878479004},"rotation":{"x":0.2419818639755249,"y":0.218037411570549,"z":-0.055297087877988818,"w":0.9439676403999329},"size":23.39278793334961,"orthographic":false}