{"cameraMode":{"drawMode":0,"name":"Shaded","section":"Shading Mode"},"sceneLighting":false,"audioPlay":false,"sceneViewState":{"showFog":true,"showMaterialUpdate":false,"showSkybox":false,"showFlares":true,"showImageEffects":true,"showParticleSystems":true},"in2DMode":false,"pivot":{"x":72.62208557128906,"y":12.208054542541504,"z":14.463894844055176},"rotation":{"x":0.24355994164943696,"y":-0.04465272277593613,"z":0.012180976569652558,"w":0.9689255356788635},"size":22.0,"orthographic":false}