{"cameraMode":{"drawMode":0,"name":"Shaded","section":"Shading Mode"},"sceneLighting":false,"audioPlay":false,"sceneViewState":{"showFog":true,"showMaterialUpdate":false,"showSkybox":false,"showFlares":true,"showImageEffects":true,"showParticleSystems":true},"in2DMode":false,"pivot":{"x":19.897132873535158,"y":-4.9942731857299809,"z":67.19815826416016},"rotation":{"x":0.1393016129732132,"y":-0.023005209863185884,"z":0.004974388983100653,"w":0.9901475310325623},"size":22.0,"orthographic":false}