{"cameraMode":{"drawMode":0,"name":"Shaded","section":"Shading Mode"},"sceneLighting":false,"audioPlay":false,"sceneViewState":{"showFog":true,"showMaterialUpdate":false,"showSkybox":false,"showFlares":true,"showImageEffects":true,"showParticleSystems":true},"in2DMode":false,"pivot":{"x":3.8442749977111818,"y":0.5416505932807922,"z":0.018085341900587083},"rotation":{"x":0.14682058990001679,"y":-0.7113994359970093,"z":0.1626453399658203,"w":0.668107807636261},"size":4.876315593719482,"orthographic":false}