{"cameraMode":{"drawMode":0,"name":"Shaded","section":"Shading Mode"},"sceneLighting":false,"audioPlay":false,"sceneViewState":{"showFog":true,"showMaterialUpdate":false,"showSkybox":false,"showFlares":true,"showImageEffects":true,"showParticleSystems":true},"in2DMode":false,"pivot":{"x":72.23017120361328,"y":14.46440315246582,"z":26.79942512512207},"rotation":{"x":0.07389649003744126,"y":0.024012576788663865,"z":0.003961501177400351,"w":0.9974351525306702},"size":11.61175537109375,"orthographic":false}