{"cameraMode":{"drawMode":0,"name":"Shaded","section":"Shading Mode"},"sceneLighting":false,"audioPlay":false,"sceneViewState":{"showFog":true,"showMaterialUpdate":false,"showSkybox":false,"showFlares":true,"showImageEffects":true,"showParticleSystems":true},"in2DMode":false,"pivot":{"x":78.84966278076172,"y":3.7508339881896974,"z":-36.6082649230957},"rotation":{"x":0.18807783722877503,"y":0.6324304938316345,"z":-0.15534070134162904,"w":0.7355530858039856},"size":17.135353088378908,"orthographic":false}