{"cameraMode":{"drawMode":0,"name":"Shaded","section":"Shading Mode"},"sceneLighting":false,"audioPlay":false,"sceneViewState":{"showFog":true,"showMaterialUpdate":false,"showSkybox":false,"showFlares":true,"showImageEffects":true,"showParticleSystems":true},"in2DMode":false,"pivot":{"x":81.46701049804688,"y":11.386369705200196,"z":32.20447540283203},"rotation":{"x":0.06777124851942063,"y":0.0006415568641386926,"z":0.0016924248775467277,"w":0.9978733062744141},"size":11.61175537109375,"orthographic":false}