{"cameraMode":{"drawMode":0,"name":"Shaded","section":"Shading Mode"},"sceneLighting":false,"audioPlay":false,"sceneViewState":{"showFog":true,"showMaterialUpdate":false,"showSkybox":false,"showFlares":true,"showImageEffects":true,"showParticleSystems":true},"in2DMode":false,"pivot":{"x":40.11750411987305,"y":12.066123008728028,"z":16.797138214111329},"rotation":{"x":-0.09526433795690537,"y":-0.15443788468837739,"z":0.013324457220733166,"w":-0.9834728240966797},"size":22.0,"orthographic":false}