{"cameraMode":{"drawMode":0,"name":"Shaded","section":"Shading Mode"},"sceneLighting":false,"audioPlay":false,"sceneViewState":{"showFog":true,"showMaterialUpdate":false,"showSkybox":false,"showFlares":true,"showImageEffects":true,"showParticleSystems":true},"in2DMode":false,"pivot":{"x":49.32917785644531,"y":5.199342727661133,"z":37.28438949584961},"rotation":{"x":-0.13590191304683686,"y":-0.2293124794960022,"z":0.030965156853199006,"w":-0.9634930491447449},"size":38.45498275756836,"orthographic":false}