{"cameraMode":{"drawMode":0,"name":"Shaded","section":"Shading Mode"},"sceneLighting":false,"audioPlay":false,"sceneViewState":{"showFog":true,"showMaterialUpdate":false,"showSkybox":false,"showFlares":true,"showImageEffects":true,"showParticleSystems":true},"in2DMode":false,"pivot":{"x":44.37902069091797,"y":12.486757278442383,"z":12.938282012939454},"rotation":{"x":-0.297306627035141,"y":0.08875348418951035,"z":-0.029159612953662874,"w":-0.9503747820854187},"size":31.418352127075197,"orthographic":false}