{"cameraMode":{"drawMode":0,"name":"Shaded","section":"Shading Mode"},"sceneLighting":false,"audioPlay":false,"sceneViewState":{"showFog":true,"showMaterialUpdate":false,"showSkybox":false,"showFlares":true,"showImageEffects":true,"showParticleSystems":true},"in2DMode":false,"pivot":{"x":-1730.0164794921875,"y":-650.574462890625,"z":-1592.141845703125},"rotation":{"x":0.016296159476041795,"y":0.14044097065925599,"z":0.0004238368710502982,"w":-0.9903057217597961},"size":19.161645889282228,"orthographic":false}