{"cameraMode":{"drawMode":0,"name":"Shaded","section":"Shading Mode"},"sceneLighting":false,"audioPlay":false,"sceneViewState":{"showFog":true,"showMaterialUpdate":false,"showSkybox":false,"showFlares":true,"showImageEffects":true,"showParticleSystems":true},"in2DMode":false,"pivot":{"x":-8.238052368164063,"y":-3.519794464111328,"z":5.211675643920898},"rotation":{"x":0.11982390284538269,"y":-0.4493652880191803,"z":0.06201525777578354,"w":0.8832613229751587},"size":18.01319694519043,"orthographic":false}