{"cameraMode":{"drawMode":0,"name":"Shaded","section":"Shading Mode"},"sceneLighting":false,"audioPlay":false,"sceneViewState":{"showFog":true,"showMaterialUpdate":false,"showSkybox":false,"showFlares":true,"showImageEffects":true,"showParticleSystems":true},"in2DMode":false,"pivot":{"x":40.41347122192383,"y":-8.358524322509766,"z":-19.744953155517579},"rotation":{"x":0.3478330075740814,"y":0.06999501585960388,"z":-0.021013477817177774,"w":0.9349740147590637},"size":34.82865524291992,"orthographic":false}