{"cameraMode":{"drawMode":0,"name":"Shaded","section":"Shading Mode"},"sceneLighting":false,"audioPlay":false,"sceneViewState":{"showFog":true,"showMaterialUpdate":false,"showSkybox":false,"showFlares":true,"showImageEffects":true,"showParticleSystems":true},"in2DMode":false,"pivot":{"x":65.90929412841797,"y":8.328571319580079,"z":15.1882963180542},"rotation":{"x":-0.07667785882949829,"y":-0.6275269389152527,"z":0.06051405891776085,"w":-0.7726603150367737},"size":27.982677459716798,"orthographic":false}