{"cameraMode":{"drawMode":0,"name":"Shaded","section":"Shading Mode"},"sceneLighting":false,"audioPlay":false,"sceneViewState":{"showFog":true,"showMaterialUpdate":false,"showSkybox":false,"showFlares":true,"showImageEffects":true,"showParticleSystems":true},"in2DMode":false,"pivot":{"x":-0.6001874208450317,"y":-2.403484582901001,"z":1.4133884906768799},"rotation":{"x":0.22785010933876038,"y":-0.6396496891975403,"z":0.20832304656505586,"w":0.7041376829147339},"size":9.220232009887696,"orthographic":false}