{"cameraMode":{"drawMode":0,"name":"Shaded","section":"Shading Mode"},"sceneLighting":false,"audioPlay":false,"sceneViewState":{"showFog":true,"showMaterialUpdate":false,"showSkybox":false,"showFlares":true,"showImageEffects":true,"showParticleSystems":true},"in2DMode":false,"pivot":{"x":45.861209869384769,"y":-2.9885261058807375,"z":-14.373984336853028},"rotation":{"x":0.21390476822853089,"y":-0.06393387913703919,"z":0.018848106265068055,"w":0.974837064743042},"size":34.60485076904297,"orthographic":false}