{"cameraMode":{"drawMode":0,"name":"Shaded","section":"Shading Mode"},"sceneLighting":false,"audioPlay":false,"sceneViewState":{"showFog":true,"showMaterialUpdate":false,"showSkybox":false,"showFlares":true,"showImageEffects":true,"showParticleSystems":true},"in2DMode":false,"pivot":{"x":-92.08422088623047,"y":12.765215873718262,"z":21.490707397460939},"rotation":{"x":0.020821936428546907,"y":0.6150224804878235,"z":-0.012841356918215752,"w":0.7885738611221314},"size":16.575374603271486,"orthographic":false}