{"cameraMode":{"drawMode":0,"name":"Shaded","section":"Shading Mode"},"sceneLighting":false,"audioPlay":false,"sceneViewState":{"showFog":true,"showMaterialUpdate":false,"showSkybox":false,"showFlares":true,"showImageEffects":true,"showParticleSystems":true},"in2DMode":false,"pivot":{"x":3.8643712997436525,"y":7.231696605682373,"z":-22.089698791503908},"rotation":{"x":0.20295660197734834,"y":0.03435593470931053,"z":-0.003012794302776456,"w":0.9788199067115784},"size":5.226645469665527,"orthographic":false}