{"cameraMode":{"drawMode":0,"name":"Shaded","section":"Shading Mode"},"sceneLighting":false,"audioPlay":false,"sceneViewState":{"showFog":true,"showMaterialUpdate":false,"showSkybox":false,"showFlares":true,"showImageEffects":true,"showParticleSystems":true},"in2DMode":false,"pivot":{"x":-0.010308027267456055,"y":0.09655475616455078,"z":0.0},"rotation":{"x":0.19945324957370759,"y":-0.6928922533988953,"z":0.21068772673606873,"w":0.6603076457977295},"size":8.591867446899414,"orthographic":false}