{"cameraMode":{"drawMode":0,"name":"Shaded","section":"Shading Mode"},"sceneLighting":false,"audioPlay":false,"sceneViewState":{"showFog":true,"showMaterialUpdate":false,"showSkybox":false,"showFlares":true,"showImageEffects":true,"showParticleSystems":true},"in2DMode":false,"pivot":{"x":-3.2853925228118898,"y":-3.1427090167999269,"z":0.5432300567626953},"rotation":{"x":0.19945324957370759,"y":-0.6928922533988953,"z":0.21068772673606873,"w":0.6603076457977295},"size":9.602397918701172,"orthographic":false}