{"cameraMode":{"drawMode":0,"name":"Shaded","section":"Shading Mode"},"sceneLighting":false,"audioPlay":false,"sceneViewState":{"showFog":true,"showMaterialUpdate":false,"showSkybox":false,"showFlares":true,"showImageEffects":true,"showParticleSystems":true},"in2DMode":false,"pivot":{"x":-1.145307183265686,"y":-1.1365272998809815,"z":0.6532467007637024},"rotation":{"x":0.16273844242095948,"y":-0.6338040232658386,"z":0.1399824619293213,"w":0.7432976961135864},"size":8.591867446899414,"orthographic":false}