{"cameraMode":{"drawMode":0,"name":"Shaded","section":"Shading Mode"},"sceneLighting":false,"audioPlay":false,"sceneViewState":{"showFog":true,"showMaterialUpdate":false,"showSkybox":false,"showFlares":true,"showImageEffects":true,"showParticleSystems":true},"in2DMode":false,"pivot":{"x":69.778564453125,"y":38.46290969848633,"z":-25.577816009521486},"rotation":{"x":0.19071201980113984,"y":0.07101507484912873,"z":-0.013007811270654202,"w":0.9791253805160523},"size":8.365530967712403,"orthographic":false}