{"cameraMode":{"drawMode":0,"name":"Shaded","section":"Shading Mode"},"sceneLighting":false,"audioPlay":false,"sceneViewState":{"showFog":true,"showMaterialUpdate":false,"showSkybox":false,"showFlares":true,"showImageEffects":true,"showParticleSystems":true},"in2DMode":false,"pivot":{"x":2.4014346599578859,"y":-6.556034564971924,"z":-11.806763648986817},"rotation":{"x":0.010207002982497216,"y":-0.974398672580719,"z":0.21594113111495973,"w":0.06539786607027054},"size":18.01319694519043,"orthographic":false}