{"cameraMode":{"drawMode":0,"name":"Shaded","section":"Shading Mode"},"sceneLighting":false,"audioPlay":false,"sceneViewState":{"showFog":true,"showMaterialUpdate":false,"showSkybox":false,"showFlares":true,"showImageEffects":true,"showParticleSystems":true},"in2DMode":false,"pivot":{"x":5.027822494506836,"y":-5.160709857940674,"z":10.262065887451172},"rotation":{"x":0.21902737021446229,"y":0.01947391964495182,"z":-0.0034096534363925459,"w":0.9756630659103394},"size":18.01319694519043,"orthographic":false}